US,Alabama,auburn,http://auburn.craigslist.org
US,Alabama,birmingham,http://bham.craigslist.org
US,Alabama,dothan,http://dothan.craigslist.org
US,Alabama,florence / muscle shoals,http://shoals.craigslist.org
US,Alabama,gadsden-anniston,http://gadsden.craigslist.org
US,Alabama,huntsville / decatur,http://huntsville.craigslist.org
US,Alabama,mobile,http://mobile.craigslist.org
US,Alabama,montgomery,http://montgomery.craigslist.org
US,Alabama,tuscaloosa,http://tuscaloosa.craigslist.org
US,Alaska,anchorage / mat-su,http://anchorage.craigslist.org
US,Alaska,fairbanks,http://fairbanks.craigslist.org
US,Alaska,kenai peninsula,http://kenai.craigslist.org
US,Alaska,southeast alaska,http://juneau.craigslist.org
US,Arizona,flagstaff / sedona,http://flagstaff.craigslist.org
US,Arizona,mohave county,http://mohave.craigslist.org
US,Arizona,phoenix,http://phoenix.craigslist.org
US,Arizona,prescott,http://prescott.craigslist.org
US,Arizona,show low,http://showlow.craigslist.org
US,Arizona,sierra vista,http://sierravista.craigslist.org
US,Arizona,tucson,http://tucson.craigslist.org
US,Arizona,yuma,http://yuma.craigslist.org
US,Arkansas,fayetteville ,http://fayar.craigslist.org
US,Arkansas,fort smith,http://fortsmith.craigslist.org
US,Arkansas,jonesboro,http://jonesboro.craigslist.org
US,Arkansas,little rock,http://littlerock.craigslist.org
US,Arkansas,texarkana,http://texarkana.craigslist.org
US,California,bakersfield,http://bakersfield.craigslist.org
US,California,chico,http://chico.craigslist.org
US,California,fresno / madera,http://fresno.craigslist.org
US,California,gold country,http://goldcountry.craigslist.org
US,California,hanford-corcoran,http://hanford.craigslist.org
US,California,humboldt county,http://humboldt.craigslist.org
US,California,imperial county,http://imperial.craigslist.org
US,California,inland empire,http://inlandempire.craigslist.org
US,California,los angeles,http://losangeles.craigslist.org
US,California,mendocino county,http://mendocino.craigslist.org
US,California,merced,http://merced.craigslist.org
US,California,modesto,http://modesto.craigslist.org
US,California,monterey bay,http://monterey.craigslist.org
US,California,orange county,http://orangecounty.craigslist.org
US,California,palm springs,http://palmsprings.craigslist.org
US,California,redding,http://redding.craigslist.org
US,California,sacramento,http://sacramento.craigslist.org
US,California,san diego,http://sandiego.craigslist.org
US,California,san francisco bay area,http://sfbay.craigslist.org
US,California,san luis obispo,http://slo.craigslist.org
US,California,santa barbara,http://santabarbara.craigslist.org
US,California,santa maria,http://santamaria.craigslist.org
US,California,siskiyou county,http://siskiyou.craigslist.org
US,California,stockton,http://stockton.craigslist.org
US,California,susanville,http://susanville.craigslist.org
US,California,ventura county,http://ventura.craigslist.org
US,California,visalia-tulare,http://visalia.craigslist.org
US,California,yuba-sutter,http://yubasutter.craigslist.org
US,Colorado,boulder,http://boulder.craigslist.org
US,Colorado,colorado springs,http://cosprings.craigslist.org
US,Colorado,denver,http://denver.craigslist.org
US,Colorado,eastern CO,http://eastco.craigslist.org
US,Colorado,fort collins / north CO,http://fortcollins.craigslist.org
US,Colorado,high rockies,http://rockies.craigslist.org
US,Colorado,pueblo,http://pueblo.craigslist.org
US,Colorado,western slope,http://westslope.craigslist.org
US,Connecticut,eastern CT,http://newlondon.craigslist.org
US,Connecticut,hartford,http://hartford.craigslist.org
US,Connecticut,new haven,http://newhaven.craigslist.org
US,Connecticut,northwest CT,http://nwct.craigslist.org
US,Delaware,delaware,http://delaware.craigslist.org
US,District of Columbia,washington,http://washingtondc.craigslist.org
US,Florida,daytona beach,http://daytona.craigslist.org
US,Florida,florida keys,http://keys.craigslist.org
US,Florida,fort lauderdale,http://fortlauderdale.craigslist.org
US,Florida,ft myers / SW florida,http://fortmyers.craigslist.org
US,Florida,gainesville,http://gainesville.craigslist.org
US,Florida,heartland florida,http://cfl.craigslist.org
US,Florida,jacksonville,http://jacksonville.craigslist.org
US,Florida,lakeland,http://lakeland.craigslist.org
US,Florida,north central FL,http://lakecity.craigslist.org
US,Florida,ocala,http://ocala.craigslist.org
US,Florida,okaloosa / walton,http://okaloosa.craigslist.org
US,Florida,orlando,http://orlando.craigslist.org
US,Florida,panama city,http://panamacity.craigslist.org
US,Florida,pensacola,http://pensacola.craigslist.org
US,Florida,sarasota-bradenton,http://sarasota.craigslist.org
US,Florida,south florida,http://miami.craigslist.org
US,Florida,space coast,http://spacecoast.craigslist.org
US,Florida,st augustine,http://staugustine.craigslist.org
US,Florida,tallahassee,http://tallahassee.craigslist.org
US,Florida,tampa bay area,http://tampa.craigslist.org
US,Florida,treasure coast,http://treasure.craigslist.org
US,Florida,west palm beach,http://westpalmbeach.craigslist.org
US,Georgia,albany ,http://albanyga.craigslist.org
US,Georgia,athens,http://athensga.craigslist.org
US,Georgia,atlanta,http://atlanta.craigslist.org
US,Georgia,augusta,http://augusta.craigslist.org
US,Georgia,brunswick,http://brunswick.craigslist.org
US,Georgia,columbus ,http://columbusga.craigslist.org
US,Georgia,macon / warner robins,http://macon.craigslist.org
US,Georgia,northwest GA,http://nwga.craigslist.org
US,Georgia,savannah / hinesville,http://savannah.craigslist.org
US,Georgia,statesboro,http://statesboro.craigslist.org
US,Georgia,valdosta,http://valdosta.craigslist.org
US,Hawaii,hawaii,http://honolulu.craigslist.org
US,Idaho,boise,http://boise.craigslist.org
US,Idaho,east idaho,http://eastidaho.craigslist.org
US,Idaho,lewiston / clarkston,http://lewiston.craigslist.org
US,Idaho,twin falls,http://twinfalls.craigslist.org
US,Illinois,bloomington-normal,http://bn.craigslist.org
US,Illinois,champaign urbana,http://chambana.craigslist.org
US,Illinois,chicago,http://chicago.craigslist.org
US,Illinois,decatur,http://decatur.craigslist.org
US,Illinois,la salle co,http://lasalle.craigslist.org
US,Illinois,mattoon-charleston,http://mattoon.craigslist.org
US,Illinois,peoria,http://peoria.craigslist.org
US,Illinois,rockford,http://rockford.craigslist.org
US,Illinois,southern illinois,http://carbondale.craigslist.org
US,Illinois,springfield ,http://springfieldil.craigslist.org
US,Illinois,western IL,http://quincy.craigslist.org
US,Indiana,bloomington,http://bloomington.craigslist.org
US,Indiana,evansville,http://evansville.craigslist.org
US,Indiana,fort wayne,http://fortwayne.craigslist.org
US,Indiana,indianapolis,http://indianapolis.craigslist.org
US,Indiana,kokomo,http://kokomo.craigslist.org
US,Indiana,lafayette / west lafayette,http://tippecanoe.craigslist.org
US,Indiana,muncie / anderson,http://muncie.craigslist.org
US,Indiana,richmond ,http://richmondin.craigslist.org
US,Indiana,south bend / michiana,http://southbend.craigslist.org
US,Indiana,terre haute,http://terrehaute.craigslist.org
US,Iowa,ames,http://ames.craigslist.org
US,Iowa,cedar rapids,http://cedarrapids.craigslist.org
US,Iowa,des moines,http://desmoines.craigslist.org
US,Iowa,dubuque,http://dubuque.craigslist.org
US,Iowa,fort dodge,http://fortdodge.craigslist.org
US,Iowa,iowa city,http://iowacity.craigslist.org
US,Iowa,mason city,http://masoncity.craigslist.org
US,Iowa,quad cities,http://quadcities.craigslist.org
US,Iowa,sioux city,http://siouxcity.craigslist.org
US,Iowa,southeast IA,http://ottumwa.craigslist.org
US,Iowa,waterloo / cedar falls,http://waterloo.craigslist.org
US,Kansas,lawrence,http://lawrence.craigslist.org
US,Kansas,manhattan,http://ksu.craigslist.org
US,Kansas,northwest KS,http://nwks.craigslist.org
US,Kansas,salina,http://salina.craigslist.org
US,Kansas,southeast KS,http://seks.craigslist.org
US,Kansas,southwest KS,http://swks.craigslist.org
US,Kansas,topeka,http://topeka.craigslist.org
US,Kansas,wichita,http://wichita.craigslist.org
US,Kentucky,bowling green,http://bgky.craigslist.org
US,Kentucky,eastern kentucky,http://eastky.craigslist.org
US,Kentucky,lexington,http://lexington.craigslist.org
US,Kentucky,louisville,http://louisville.craigslist.org
US,Kentucky,owensboro,http://owensboro.craigslist.org
US,Kentucky,western KY,http://westky.craigslist.org
US,Louisiana,baton rouge,http://batonrouge.craigslist.org
US,Louisiana,central louisiana,http://cenla.craigslist.org
US,Louisiana,houma,http://houma.craigslist.org
US,Louisiana,lafayette,http://lafayette.craigslist.org
US,Louisiana,lake charles,http://lakecharles.craigslist.org
US,Louisiana,monroe,http://monroe.craigslist.org
US,Louisiana,new orleans,http://neworleans.craigslist.org
US,Louisiana,shreveport,http://shreveport.craigslist.org
US,Maine,maine,http://maine.craigslist.org
US,Maryland,annapolis,http://annapolis.craigslist.org
US,Maryland,baltimore,http://baltimore.craigslist.org
US,Maryland,eastern shore,http://easternshore.craigslist.org
US,Maryland,frederick,http://frederick.craigslist.org
US,Maryland,southern maryland,http://smd.craigslist.org
US,Maryland,western maryland,http://westmd.craigslist.org
US,Massachusetts,boston,http://boston.craigslist.org
US,Massachusetts,cape cod / islands,http://capecod.craigslist.org
US,Massachusetts,south coast,http://southcoast.craigslist.org
US,Massachusetts,western massachusetts,http://westernmass.craigslist.org
US,Massachusetts,worcester / central MA,http://worcester.craigslist.org
US,Michigan,ann arbor,http://annarbor.craigslist.org
US,Michigan,battle creek,http://battlecreek.craigslist.org
US,Michigan,central michigan,http://centralmich.craigslist.org
US,Michigan,detroit metro,http://detroit.craigslist.org
US,Michigan,flint,http://flint.craigslist.org
US,Michigan,grand rapids,http://grandrapids.craigslist.org
US,Michigan,holland,http://holland.craigslist.org
US,Michigan,jackson ,http://jxn.craigslist.org
US,Michigan,kalamazoo,http://kalamazoo.craigslist.org
US,Michigan,lansing,http://lansing.craigslist.org
US,Michigan,monroe ,http://monroemi.craigslist.org
US,Michigan,muskegon,http://muskegon.craigslist.org
US,Michigan,northern michigan,http://nmi.craigslist.org
US,Michigan,port huron,http://porthuron.craigslist.org
US,Michigan,saginaw-midland-baycity,http://saginaw.craigslist.org
US,Michigan,southwest michigan,http://swmi.craigslist.org
US,Michigan,the thumb,http://thumb.craigslist.org
US,Michigan,upper peninsula,http://up.craigslist.org
US,Minnesota,bemidji,http://bemidji.craigslist.org
US,Minnesota,brainerd,http://brainerd.craigslist.org
US,Minnesota,duluth / superior,http://duluth.craigslist.org
US,Minnesota,mankato,http://mankato.craigslist.org
US,Minnesota,minneapolis / st paul,http://minneapolis.craigslist.org
US,Minnesota,rochester ,http://rmn.craigslist.org
US,Minnesota,southwest MN,http://marshall.craigslist.org
US,Minnesota,st cloud,http://stcloud.craigslist.org
US,Mississippi,gulfport / biloxi,http://gulfport.craigslist.org
US,Mississippi,hattiesburg,http://hattiesburg.craigslist.org
US,Mississippi,jackson,http://jackson.craigslist.org
US,Mississippi,meridian,http://meridian.craigslist.org
US,Mississippi,north mississippi,http://northmiss.craigslist.org
US,Mississippi,southwest MS,http://natchez.craigslist.org
US,Missouri,columbia / jeff city,http://columbiamo.craigslist.org
US,Missouri,joplin,http://joplin.craigslist.org
US,Missouri,kansas city,http://kansascity.craigslist.org
US,Missouri,kirksville,http://kirksville.craigslist.org
US,Missouri,lake of the ozarks,http://loz.craigslist.org
US,Missouri,southeast missouri,http://semo.craigslist.org
US,Missouri,springfield,http://springfield.craigslist.org
US,Missouri,st joseph,http://stjoseph.craigslist.org
US,Missouri,st louis,http://stlouis.craigslist.org
US,Montana,billings,http://billings.craigslist.org
US,Montana,bozeman,http://bozeman.craigslist.org
US,Montana,butte,http://butte.craigslist.org
US,Montana,great falls,http://greatfalls.craigslist.org
US,Montana,helena,http://helena.craigslist.org
US,Montana,kalispell,http://kalispell.craigslist.org
US,Montana,missoula,http://missoula.craigslist.org
US,Montana,eastern montana,http://montana.craigslist.org
US,Nebraska,grand island,http://grandisland.craigslist.org
US,Nebraska,lincoln,http://lincoln.craigslist.org
US,Nebraska,north platte,http://northplatte.craigslist.org
US,Nebraska,omaha / council bluffs,http://omaha.craigslist.org
US,Nebraska,scottsbluff / panhandle,http://scottsbluff.craigslist.org
US,Nevada,elko,http://elko.craigslist.org
US,Nevada,las vegas,http://lasvegas.craigslist.org
US,Nevada,reno / tahoe,http://reno.craigslist.org
US,New Hampshire,new hampshire,http://nh.craigslist.org
US,New Jersey,central NJ,http://cnj.craigslist.org
US,New Jersey,jersey shore,http://jerseyshore.craigslist.org
US,New Jersey,north jersey,http://newjersey.craigslist.org
US,New Jersey,south jersey,http://southjersey.craigslist.org
US,New Mexico,albuquerque,http://albuquerque.craigslist.org
US,New Mexico,clovis / portales,http://clovis.craigslist.org
US,New Mexico,farmington,http://farmington.craigslist.org
US,New Mexico,las cruces,http://lascruces.craigslist.org
US,New Mexico,roswell / carlsbad,http://roswell.craigslist.org
US,New Mexico,santa fe / taos,http://santafe.craigslist.org
US,New York,albany,http://albany.craigslist.org
US,New York,binghamton,http://binghamton.craigslist.org
US,New York,buffalo,http://buffalo.craigslist.org
US,New York,catskills,http://catskills.craigslist.org
US,New York,chautauqua,http://chautauqua.craigslist.org
US,New York,elmira-corning,http://elmira.craigslist.org
US,New York,finger lakes,http://fingerlakes.craigslist.org
US,New York,glens falls,http://glensfalls.craigslist.org
US,New York,hudson valley,http://hudsonvalley.craigslist.org
US,New York,ithaca,http://ithaca.craigslist.org
US,New York,long island,http://longisland.craigslist.org
US,New York,new york city,http://newyork.craigslist.org
US,New York,oneonta,http://oneonta.craigslist.org
US,New York,plattsburgh-adirondacks,http://plattsburgh.craigslist.org
US,New York,potsdam-canton-massena,http://potsdam.craigslist.org
US,New York,rochester,http://rochester.craigslist.org
US,New York,syracuse,http://syracuse.craigslist.org
US,New York,twin tiers NY/PA,http://twintiers.craigslist.org
US,New York,utica-rome-oneida,http://utica.craigslist.org
US,New York,watertown,http://watertown.craigslist.org
US,North Carolina,asheville,http://asheville.craigslist.org
US,North Carolina,boone,http://boone.craigslist.org
US,North Carolina,charlotte,http://charlotte.craigslist.org
US,North Carolina,eastern NC,http://eastnc.craigslist.org
US,North Carolina,fayetteville,http://fayetteville.craigslist.org
US,North Carolina,greensboro,http://greensboro.craigslist.org
US,North Carolina,hickory / lenoir,http://hickory.craigslist.org
US,North Carolina,jacksonville ,http://onslow.craigslist.org
US,North Carolina,outer banks,http://outerbanks.craigslist.org
US,North Carolina,raleigh / durham / CH,http://raleigh.craigslist.org
US,North Carolina,wilmington,http://wilmington.craigslist.org
US,North Carolina,winston-salem,http://winstonsalem.craigslist.org
US,North Dakota,bismarck,http://bismarck.craigslist.org
US,North Dakota,fargo / moorhead,http://fargo.craigslist.org
US,North Dakota,grand forks,http://grandforks.craigslist.org
US,North Dakota,north dakota,http://nd.craigslist.org
US,Ohio,akron / canton,http://akroncanton.craigslist.org
US,Ohio,ashtabula,http://ashtabula.craigslist.org
US,Ohio,athens ,http://athensohio.craigslist.org
US,Ohio,chillicothe,http://chillicothe.craigslist.org
US,Ohio,cincinnati,http://cincinnati.craigslist.org
US,Ohio,cleveland,http://cleveland.craigslist.org
US,Ohio,columbus,http://columbus.craigslist.org
US,Ohio,dayton / springfield,http://dayton.craigslist.org
US,Ohio,lima / findlay,http://limaohio.craigslist.org
US,Ohio,mansfield,http://mansfield.craigslist.org
US,Ohio,sandusky,http://sandusky.craigslist.org
US,Ohio,toledo,http://toledo.craigslist.org
US,Ohio,tuscarawas co,http://tuscarawas.craigslist.org
US,Ohio,youngstown,http://youngstown.craigslist.org
US,Ohio,zanesville / cambridge,http://zanesville.craigslist.org
US,Oklahoma,lawton,http://lawton.craigslist.org
US,Oklahoma,northwest OK,http://enid.craigslist.org
US,Oklahoma,oklahoma city,http://oklahomacity.craigslist.org
US,Oklahoma,stillwater,http://stillwater.craigslist.org
US,Oklahoma,tulsa,http://tulsa.craigslist.org
US,Oregon,bend,http://bend.craigslist.org
US,Oregon,corvallis/albany,http://corvallis.craigslist.org
US,Oregon,east oregon,http://eastoregon.craigslist.org
US,Oregon,eugene,http://eugene.craigslist.org
US,Oregon,klamath falls,http://klamath.craigslist.org
US,Oregon,medford-ashland,http://medford.craigslist.org
US,Oregon,oregon coast,http://oregoncoast.craigslist.org
US,Oregon,portland,http://portland.craigslist.org
US,Oregon,roseburg,http://roseburg.craigslist.org
US,Oregon,salem,http://salem.craigslist.org
US,Pennsylvania,altoona-johnstown,http://altoona.craigslist.org
US,Pennsylvania,cumberland valley,http://chambersburg.craigslist.org
US,Pennsylvania,erie,http://erie.craigslist.org
US,Pennsylvania,harrisburg,http://harrisburg.craigslist.org
US,Pennsylvania,lancaster,http://lancaster.craigslist.org
US,Pennsylvania,lehigh valley,http://allentown.craigslist.org
US,Pennsylvania,meadville,http://meadville.craigslist.org
US,Pennsylvania,philadelphia,http://philadelphia.craigslist.org
US,Pennsylvania,pittsburgh,http://pittsburgh.craigslist.org
US,Pennsylvania,poconos,http://poconos.craigslist.org
US,Pennsylvania,reading,http://reading.craigslist.org
US,Pennsylvania,scranton / wilkes-barre,http://scranton.craigslist.org
US,Pennsylvania,state college,http://pennstate.craigslist.org
US,Pennsylvania,williamsport,http://williamsport.craigslist.org
US,Pennsylvania,york,http://york.craigslist.org
US,Rhode Island,rhode island,http://providence.craigslist.org
US,South Carolina,charleston,http://charleston.craigslist.org
US,South Carolina,columbia,http://columbia.craigslist.org
US,South Carolina,florence,http://florencesc.craigslist.org
US,South Carolina,greenville / upstate,http://greenville.craigslist.org
US,South Carolina,hilton head,http://hiltonhead.craigslist.org
US,South Carolina,myrtle beach,http://myrtlebeach.craigslist.org
US,South Dakota,northeast SD,http://nesd.craigslist.org
US,South Dakota,pierre / central SD,http://csd.craigslist.org
US,South Dakota,rapid city / west SD,http://rapidcity.craigslist.org
US,South Dakota,sioux falls / SE SD,http://siouxfalls.craigslist.org
US,South Dakota,south dakota,http://sd.craigslist.org
US,Tennessee,chattanooga,http://chattanooga.craigslist.org
US,Tennessee,clarksville,http://clarksville.craigslist.org
US,Tennessee,cookeville,http://cookeville.craigslist.org
US,Tennessee,jackson  ,http://jacksontn.craigslist.org
US,Tennessee,knoxville,http://knoxville.craigslist.org
US,Tennessee,memphis,http://memphis.craigslist.org
US,Tennessee,nashville,http://nashville.craigslist.org
US,Tennessee,tri-cities,http://tricities.craigslist.org
US,Texas,abilene,http://abilene.craigslist.org
US,Texas,amarillo,http://amarillo.craigslist.org
US,Texas,austin,http://austin.craigslist.org
US,Texas,beaumont / port arthur,http://beaumont.craigslist.org
US,Texas,brownsville,http://brownsville.craigslist.org
US,Texas,college station,http://collegestation.craigslist.org
US,Texas,corpus christi,http://corpuschristi.craigslist.org
US,Texas,dallas / fort worth,http://dallas.craigslist.org
US,Texas,deep east texas,http://nacogdoches.craigslist.org
US,Texas,del rio / eagle pass,http://delrio.craigslist.org
US,Texas,el paso,http://elpaso.craigslist.org
US,Texas,galveston,http://galveston.craigslist.org
US,Texas,houston,http://houston.craigslist.org
US,Texas,killeen / temple / ft hood,http://killeen.craigslist.org
US,Texas,laredo,http://laredo.craigslist.org
US,Texas,lubbock,http://lubbock.craigslist.org
US,Texas,mcallen / edinburg,http://mcallen.craigslist.org
US,Texas,odessa / midland,http://odessa.craigslist.org
US,Texas,san angelo,http://sanangelo.craigslist.org
US,Texas,san antonio,http://sanantonio.craigslist.org
US,Texas,san marcos,http://sanmarcos.craigslist.org
US,Texas,southwest TX,http://bigbend.craigslist.org
US,Texas,texoma,http://texoma.craigslist.org
US,Texas,tyler / east TX,http://easttexas.craigslist.org
US,Texas,victoria ,http://victoriatx.craigslist.org
US,Texas,waco,http://waco.craigslist.org
US,Texas,wichita falls,http://wichitafalls.craigslist.org
US,Utah,logan,http://logan.craigslist.org
US,Utah,ogden-clearfield,http://ogden.craigslist.org
US,Utah,provo / orem,http://provo.craigslist.org
US,Utah,salt lake city,http://saltlakecity.craigslist.org
US,Utah,st george,http://stgeorge.craigslist.org
US,Vermont,vermont,http://burlington.craigslist.org
US,Virginia,charlottesville,http://charlottesville.craigslist.org
US,Virginia,danville,http://danville.craigslist.org
US,Virginia,fredericksburg,http://fredericksburg.craigslist.org
US,Virginia,hampton roads,http://norfolk.craigslist.org
US,Virginia,harrisonburg,http://harrisonburg.craigslist.org
US,Virginia,lynchburg,http://lynchburg.craigslist.org
US,Virginia,new river valley,http://blacksburg.craigslist.org
US,Virginia,richmond,http://richmond.craigslist.org
US,Virginia,roanoke,http://roanoke.craigslist.org
US,Virginia,southwest VA,http://swva.craigslist.org
US,Virginia,winchester,http://winchester.craigslist.org
US,Washington,bellingham,http://bellingham.craigslist.org
US,Washington,kennewick-pasco-richland,http://kpr.craigslist.org
US,Washington,moses lake,http://moseslake.craigslist.org
US,Washington,olympic peninsula,http://olympic.craigslist.org
US,Washington,pullman / moscow,http://pullman.craigslist.org
US,Washington,seattle-tacoma,http://seattle.craigslist.org
US,Washington,skagit / island / SJI,http://skagit.craigslist.org
US,Washington,spokane / coeur d'alene,http://spokane.craigslist.org
US,Washington,wenatchee,http://wenatchee.craigslist.org
US,Washington,yakima,http://yakima.craigslist.org
US,West Virginia,charleston ,http://charlestonwv.craigslist.org
US,West Virginia,eastern panhandle,http://martinsburg.craigslist.org
US,West Virginia,huntington-ashland,http://huntington.craigslist.org
US,West Virginia,morgantown,http://morgantown.craigslist.org
US,West Virginia,northern panhandle,http://wheeling.craigslist.org
US,West Virginia,parkersburg-marietta,http://parkersburg.craigslist.org
US,West Virginia,southern WV,http://swv.craigslist.org
US,West Virginia,west virginia (old),http://wv.craigslist.org
US,Wisconsin,appleton-oshkosh-FDL,http://appleton.craigslist.org
US,Wisconsin,eau claire,http://eauclaire.craigslist.org
US,Wisconsin,green bay,http://greenbay.craigslist.org
US,Wisconsin,janesville,http://janesville.craigslist.org
US,Wisconsin,kenosha-racine,http://racine.craigslist.org
US,Wisconsin,la crosse,http://lacrosse.craigslist.org
US,Wisconsin,madison,http://madison.craigslist.org
US,Wisconsin,milwaukee,http://milwaukee.craigslist.org
US,Wisconsin,northern WI,http://northernwi.craigslist.org
US,Wisconsin,sheboygan,http://sheboygan.craigslist.org
US,Wisconsin,wausau,http://wausau.craigslist.org
US,Wyoming,wyoming,http://wyoming.craigslist.org
US,Territories,guam-micronesia,http://micronesia.craigslist.org
US,Territories,puerto rico,http://puertorico.craigslist.org
US,Territories,U.S. virgin islands,http://virgin.craigslist.org
Canada,Alberta,calgary,http://calgary.craigslist.ca
Canada,Alberta,edmonton,http://edmonton.craigslist.ca
Canada,Alberta,ft mcmurray,http://ftmcmurray.craigslist.ca
Canada,Alberta,lethbridge,http://lethbridge.craigslist.ca
Canada,Alberta,medicine hat,http://hat.craigslist.ca
Canada,Alberta,peace river country,http://peace.craigslist.ca
Canada,Alberta,red deer,http://reddeer.craigslist.ca
Canada,British Columbia,cariboo,http://cariboo.craigslist.ca
Canada,British Columbia,comox valley,http://comoxvalley.craigslist.ca
Canada,British Columbia,fraser valley,http://abbotsford.craigslist.ca
Canada,British Columbia,kamloops,http://kamloops.craigslist.ca
Canada,British Columbia,kelowna / okanagan,http://kelowna.craigslist.ca
Canada,British Columbia,kootenays,http://cranbrook.craigslist.ca
Canada,British Columbia,nanaimo,http://nanaimo.craigslist.ca
Canada,British Columbia,prince george,http://princegeorge.craigslist.ca
Canada,British Columbia,skeena-bulkley,http://skeena.craigslist.ca
Canada,British Columbia,sunshine coast,http://sunshine.craigslist.ca
Canada,British Columbia,vancouver,http://vancouver.craigslist.ca
Canada,British Columbia,victoria,http://victoria.craigslist.ca
Canada,British Columbia,whistler,http://whistler.craigslist.ca
Canada,Manitoba,winnipeg,http://winnipeg.craigslist.ca
Canada,New Brunswick,new brunswick,http://newbrunswick.craigslist.ca
Canada,Newfoundland and Labrador,st john's,http://newfoundland.craigslist.ca
Canada,Northwest Territories,territories,http://territories.craigslist.ca
Canada,Northwest Territories,yellowknife,http://yellowknife.craigslist.ca
Canada,Nova Scotia,halifax,http://halifax.craigslist.ca
Canada,Ontario,barrie,http://barrie.craigslist.ca
Canada,Ontario,belleville,http://belleville.craigslist.ca
Canada,Ontario,brantford-woodstock,http://brantford.craigslist.ca
Canada,Ontario,chatham-kent,http://chatham.craigslist.ca
Canada,Ontario,cornwall,http://cornwall.craigslist.ca
Canada,Ontario,guelph,http://guelph.craigslist.ca
Canada,Ontario,hamilton-burlington,http://hamilton.craigslist.ca
Canada,Ontario,kingston,http://kingston.craigslist.ca
Canada,Ontario,kitchener-waterloo-cambridge,http://kitchener.craigslist.ca
Canada,Ontario,london ,http://londonon.craigslist.ca
Canada,Ontario,niagara region,http://niagara.craigslist.ca
Canada,Ontario,ottawa-hull-gatineau,http://ottawa.craigslist.ca
Canada,Ontario,owen sound,http://owensound.craigslist.ca
Canada,Ontario,peterborough,http://peterborough.craigslist.ca
Canada,Ontario,sarnia,http://sarnia.craigslist.ca
Canada,Ontario,sault ste marie,http://soo.craigslist.ca
Canada,Ontario,sudbury,http://sudbury.craigslist.ca
Canada,Ontario,thunder bay,http://thunderbay.craigslist.ca
Canada,Ontario,toronto,http://toronto.craigslist.ca
Canada,Ontario,windsor,http://windsor.craigslist.ca
Canada,Prince Edward Island,prince edward island,http://pei.craigslist.ca
Canada,Quebec,montreal,http://montreal.craigslist.ca
Canada,Quebec,quebec city,http://quebec.craigslist.ca
Canada,Quebec,saguenay,http://saguenay.craigslist.ca
Canada,Quebec,sherbrooke,http://sherbrooke.craigslist.ca
Canada,Quebec,trois-rivieres,http://troisrivieres.craigslist.ca
Canada,Saskatchewan,regina,http://regina.craigslist.ca
Canada,Saskatchewan,saskatoon,http://saskatoon.craigslist.ca
Canada,Yukon Territory,whitehorse,http://whitehorse.craigslist.ca
Europe,Austria,vienna,http://vienna.craigslist.at
Europe,Belgium,belgium,http://brussels.craigslist.org
Europe,Bulgaria,bulgaria,http://bulgaria.craigslist.org
Europe,Croatia,croatia,http://zagreb.craigslist.org
Europe,Czech Republic,prague,http://prague.craigslist.cz
Europe,Denmark,copenhagen,http://copenhagen.craigslist.org
Europe,Finland,finland,http://helsinki.craigslist.fi
Europe,France,bordeaux,http://bordeaux.craigslist.org
Europe,France,brittany,http://rennes.craigslist.org
Europe,France,grenoble,http://grenoble.craigslist.org
Europe,France,lille,http://lille.craigslist.org
Europe,France,loire valley,http://loire.craigslist.org
Europe,France,lyon,http://lyon.craigslist.org
Europe,France,marseille,http://marseilles.craigslist.org
Europe,France,montpellier,http://montpellier.craigslist.org
Europe,France,nice / cote d'azur,http://cotedazur.craigslist.org
Europe,France,normandy,http://rouen.craigslist.org
Europe,France,paris,http://paris.craigslist.org
Europe,France,strasbourg,http://strasbourg.craigslist.org
Europe,France,toulouse,http://toulouse.craigslist.org
Europe,Germany,berlin,http://berlin.craigslist.de
Europe,Germany,bremen,http://bremen.craigslist.de
Europe,Germany,cologne,http://cologne.craigslist.de
Europe,Germany,dresden,http://dresden.craigslist.de
Europe,Germany,dusseldorf,http://dusseldorf.craigslist.de
Europe,Germany,essen / ruhr,http://essen.craigslist.de
Europe,Germany,frankfurt,http://frankfurt.craigslist.de
Europe,Germany,hamburg,http://hamburg.craigslist.de
Europe,Germany,hannover,http://hannover.craigslist.de
Europe,Germany,heidelberg,http://heidelberg.craigslist.de
Europe,Germany,kaiserslautern,http://kaiserslautern.craigslist.de
Europe,Germany,leipzig,http://leipzig.craigslist.de
Europe,Germany,munich,http://munich.craigslist.de
Europe,Germany,nuremberg,http://nuremberg.craigslist.de
Europe,Germany,stuttgart,http://stuttgart.craigslist.de
Europe,Greece,greece,http://athens.craigslist.gr
Europe,Hungary,budapest,http://budapest.craigslist.org
Europe,Iceland,reykjavik,http://reykjavik.craigslist.org
Europe,Ireland,dublin,http://dublin.craigslist.org
Europe,Italy,bologna,http://bologna.craigslist.it
Europe,Italy,florence / tuscany,http://florence.craigslist.it
Europe,Italy,genoa,http://genoa.craigslist.it
Europe,Italy,milan,http://milan.craigslist.it
Europe,Italy,napoli / campania,http://naples.craigslist.it
Europe,Italy,perugia,http://perugia.craigslist.it
Europe,Italy,rome,http://rome.craigslist.it
Europe,Italy,sardinia,http://sardinia.craigslist.it
Europe,Italy,sicilia,http://sicily.craigslist.it
Europe,Italy,torino,http://torino.craigslist.it
Europe,Italy,venice / veneto,http://venice.craigslist.it
Europe,Luxembourg,luxembourg,http://luxembourg.craigslist.org
Europe,Netherlands,amsterdam / randstad,http://amsterdam.craigslist.org
Europe,Norway,norway,http://oslo.craigslist.org
Europe,Poland,poland,http://warsaw.craigslist.pl
Europe,Portugal,faro / algarve,http://faro.craigslist.pt
Europe,Portugal,lisbon,http://lisbon.craigslist.pt
Europe,Portugal,porto,http://porto.craigslist.pt
Europe,Romania,romania,http://bucharest.craigslist.org
Europe,Russian Federation,moscow,http://moscow.craigslist.org
Europe,Russian Federation,st petersburg,http://stpetersburg.craigslist.org
Europe,Spain,alicante,http://alicante.craigslist.es
Europe,Spain,baleares,http://baleares.craigslist.es
Europe,Spain,barcelona,http://barcelona.craigslist.es
Europe,Spain,bilbao,http://bilbao.craigslist.es
Europe,Spain,cadiz,http://cadiz.craigslist.es
Europe,Spain,canarias,http://canarias.craigslist.es
Europe,Spain,granada,http://granada.craigslist.es
Europe,Spain,madrid,http://madrid.craigslist.es
Europe,Spain,malaga,http://malaga.craigslist.es
Europe,Spain,sevilla,http://sevilla.craigslist.es
Europe,Spain,valencia,http://valencia.craigslist.es
Europe,Sweden,sweden,http://stockholm.craigslist.se
Europe,Switzerland,basel,http://basel.craigslist.ch
Europe,Switzerland,bern,http://bern.craigslist.ch
Europe,Switzerland,geneva,http://geneva.craigslist.ch
Europe,Switzerland,lausanne,http://lausanne.craigslist.ch
Europe,Switzerland,zurich,http://zurich.craigslist.ch
Europe,Turkey,turkey,http://istanbul.craigslist.com.tr
Europe,Ukraine,ukraine,http://ukraine.craigslist.org
Europe,United Kingdom,aberdeen,http://aberdeen.craigslist.co.uk
Europe,United Kingdom,bath,http://bath.craigslist.co.uk
Europe,United Kingdom,belfast,http://belfast.craigslist.co.uk
Europe,United Kingdom,birmingham / west mids,http://birmingham.craigslist.co.uk
Europe,United Kingdom,brighton,http://brighton.craigslist.co.uk
Europe,United Kingdom,bristol,http://bristol.craigslist.co.uk
Europe,United Kingdom,"cambridge, UK",http://cambridge.craigslist.co.uk
Europe,United Kingdom,cardiff / wales,http://cardiff.craigslist.co.uk
Europe,United Kingdom,coventry,http://coventry.craigslist.co.uk
Europe,United Kingdom,derby,http://derby.craigslist.co.uk
Europe,United Kingdom,devon & cornwall,http://devon.craigslist.co.uk
Europe,United Kingdom,dundee,http://dundee.craigslist.co.uk
Europe,United Kingdom,east anglia,http://norwich.craigslist.co.uk
Europe,United Kingdom,east midlands,http://eastmids.craigslist.co.uk
Europe,United Kingdom,edinburgh,http://edinburgh.craigslist.co.uk
Europe,United Kingdom,essex,http://essex.craigslist.co.uk
Europe,United Kingdom,glasgow,http://glasgow.craigslist.co.uk
Europe,United Kingdom,hampshire,http://hampshire.craigslist.co.uk
Europe,United Kingdom,kent,http://kent.craigslist.co.uk
Europe,United Kingdom,leeds,http://leeds.craigslist.co.uk
Europe,United Kingdom,liverpool,http://liverpool.craigslist.co.uk
Europe,United Kingdom,london,http://london.craigslist.co.uk
Europe,United Kingdom,manchester,http://manchester.craigslist.co.uk
Europe,United Kingdom,newcastle / NE england,http://newcastle.craigslist.co.uk
Europe,United Kingdom,nottingham,http://nottingham.craigslist.co.uk
Europe,United Kingdom,oxford,http://oxford.craigslist.co.uk
Europe,United Kingdom,sheffield,http://sheffield.craigslist.co.uk
"Asia, Pacific and Middle East",Bangladesh,bangladesh,http://bangladesh.craigslist.org
"Asia, Pacific and Middle East",China,beijing,http://beijing.craigslist.com.cn
"Asia, Pacific and Middle East",China,chengdu,http://chengdu.craigslist.com.cn
"Asia, Pacific and Middle East",China,chongqing,http://chongqing.craigslist.com.cn
"Asia, Pacific and Middle East",China,dalian,http://dalian.craigslist.com.cn
"Asia, Pacific and Middle East",China,guangzhou,http://guangzhou.craigslist.com.cn
"Asia, Pacific and Middle East",China,hangzhou,http://hangzhou.craigslist.com.cn
"Asia, Pacific and Middle East",China,nanjing,http://nanjing.craigslist.com.cn
"Asia, Pacific and Middle East",China,shanghai,http://shanghai.craigslist.com.cn
"Asia, Pacific and Middle East",China,shenyang,http://shenyang.craigslist.com.cn
"Asia, Pacific and Middle East",China,shenzhen,http://shenzhen.craigslist.com.cn
"Asia, Pacific and Middle East",China,wuhan,http://wuhan.craigslist.com.cn
"Asia, Pacific and Middle East",China,xi'an,http://xian.craigslist.com.cn
"Asia, Pacific and Middle East",Guam / Micronesia,guam-micronesia,http://micronesia.craigslist.org
"Asia, Pacific and Middle East",Hong Kong,hong kong,http://hongkong.craigslist.hk
"Asia, Pacific and Middle East",India,ahmedabad,http://ahmedabad.craigslist.co.in
"Asia, Pacific and Middle East",India,bangalore,http://bangalore.craigslist.co.in
"Asia, Pacific and Middle East",India,bhubaneswar,http://bhubaneswar.craigslist.co.in
"Asia, Pacific and Middle East",India,chandigarh,http://chandigarh.craigslist.co.in
"Asia, Pacific and Middle East",India,chennai (madras),http://chennai.craigslist.co.in
"Asia, Pacific and Middle East",India,delhi,http://delhi.craigslist.co.in
"Asia, Pacific and Middle East",India,goa,http://goa.craigslist.co.in
"Asia, Pacific and Middle East",India,hyderabad,http://hyderabad.craigslist.co.in
"Asia, Pacific and Middle East",India,indore,http://indore.craigslist.co.in
"Asia, Pacific and Middle East",India,jaipur,http://jaipur.craigslist.co.in
"Asia, Pacific and Middle East",India,kerala,http://kerala.craigslist.co.in
"Asia, Pacific and Middle East",India,kolkata (calcutta),http://kolkata.craigslist.co.in
"Asia, Pacific and Middle East",India,lucknow,http://lucknow.craigslist.co.in
"Asia, Pacific and Middle East",India,mumbai,http://mumbai.craigslist.co.in
"Asia, Pacific and Middle East",India,pune,http://pune.craigslist.co.in
"Asia, Pacific and Middle East",India,surat surat,http://surat.craigslist.co.in
"Asia, Pacific and Middle East",Indonesia,indonesia,http://jakarta.craigslist.org
"Asia, Pacific and Middle East",Iran,iran,http://tehran.craigslist.org
"Asia, Pacific and Middle East",Iraq,iraq,http://baghdad.craigslist.org
"Asia, Pacific and Middle East",Israel and Palestine,haifa,http://haifa.craigslist.org
"Asia, Pacific and Middle East",Israel and Palestine,jerusalem,http://jerusalem.craigslist.org
"Asia, Pacific and Middle East",Israel and Palestine,tel aviv,http://telaviv.craigslist.org
"Asia, Pacific and Middle East",Israel and Palestine,west bank,http://ramallah.craigslist.org
"Asia, Pacific and Middle East",Japan,fukuoka,http://fukuoka.craigslist.jp
"Asia, Pacific and Middle East",Japan,hiroshima,http://hiroshima.craigslist.jp
"Asia, Pacific and Middle East",Japan,nagoya,http://nagoya.craigslist.jp
"Asia, Pacific and Middle East",Japan,okinawa,http://okinawa.craigslist.jp
"Asia, Pacific and Middle East",Japan,osaka-kobe-kyoto,http://osaka.craigslist.jp
"Asia, Pacific and Middle East",Japan,sapporo,http://sapporo.craigslist.jp
"Asia, Pacific and Middle East",Japan,sendai,http://sendai.craigslist.jp
"Asia, Pacific and Middle East",Japan,tokyo,http://tokyo.craigslist.jp
"Asia, Pacific and Middle East",Korea,seoul,http://seoul.craigslist.co.kr
"Asia, Pacific and Middle East",Kuwait,kuwait,http://kuwait.craigslist.org
"Asia, Pacific and Middle East",Lebanon,"beirut, lebanon",http://beirut.craigslist.org
"Asia, Pacific and Middle East",Malaysia,malaysia,http://malaysia.craigslist.org
"Asia, Pacific and Middle East",Pakistan,pakistan,http://pakistan.craigslist.org
"Asia, Pacific and Middle East",Philippines,bacolod,http://bacolod.craigslist.com.ph
"Asia, Pacific and Middle East",Philippines,bicol region,http://naga.craigslist.com.ph
"Asia, Pacific and Middle East",Philippines,cagayan de oro,http://cdo.craigslist.com.ph
"Asia, Pacific and Middle East",Philippines,cebu,http://cebu.craigslist.com.ph
"Asia, Pacific and Middle East",Philippines,davao city,http://davaocity.craigslist.com.ph
"Asia, Pacific and Middle East",Philippines,iloilo,http://iloilo.craigslist.com.ph
"Asia, Pacific and Middle East",Philippines,manila,http://manila.craigslist.com.ph
"Asia, Pacific and Middle East",Philippines,pampanga,http://pampanga.craigslist.com.ph
"Asia, Pacific and Middle East",Philippines,zamboanga,http://zamboanga.craigslist.com.ph
"Asia, Pacific and Middle East",Singapore,singapore,http://singapore.craigslist.com.sg
"Asia, Pacific and Middle East",Taiwan,taiwan,http://taipei.craigslist.com.tw
"Asia, Pacific and Middle East",Thailand,thailand,http://bangkok.craigslist.co.th
"Asia, Pacific and Middle East",United Arab Emirates,united arab emirates,http://dubai.craigslist.org
"Asia, Pacific and Middle East",Vietnam,vietnam,http://vietnam.craigslist.org
Oceania,Australia,adelaide,http://adelaide.craigslist.com.au
Oceania,Australia,brisbane,http://brisbane.craigslist.com.au
Oceania,Australia,cairns,http://cairns.craigslist.com.au
Oceania,Australia,canberra,http://canberra.craigslist.com.au
Oceania,Australia,darwin,http://darwin.craigslist.com.au
Oceania,Australia,gold coast,http://goldcoast.craigslist.com.au
Oceania,Australia,melbourne,http://melbourne.craigslist.com.au
Oceania,Australia,"newcastle, NSW",http://ntl.craigslist.com.au
Oceania,Australia,perth,http://perth.craigslist.com.au
Oceania,Australia,sydney,http://sydney.craigslist.com.au
Oceania,Australia,tasmania,http://hobart.craigslist.com.au
Oceania,Australia,wollongong,http://wollongong.craigslist.com.au
Oceania,New Zealand,auckland,http://auckland.craigslist.org
Oceania,New Zealand,christchurch,http://christchurch.craigslist.org
Oceania,New Zealand,dunedin,http://dunedin.craigslist.co.nz
Oceania,New Zealand,wellington,http://wellington.craigslist.org
Latin America and Caribbean,Argentina,buenos aires,http://buenosaires.craigslist.org
Latin America and Caribbean,Bolivia,bolivia,http://lapaz.craigslist.org
Latin America and Caribbean,Brazil,belo horizonte,http://belohorizonte.craigslist.org
Latin America and Caribbean,Brazil,brasilia,http://brasilia.craigslist.org
Latin America and Caribbean,Brazil,curitiba,http://curitiba.craigslist.org
Latin America and Caribbean,Brazil,fortaleza,http://fortaleza.craigslist.org
Latin America and Caribbean,Brazil,porto alegre,http://portoalegre.craigslist.org
Latin America and Caribbean,Brazil,recife,http://recife.craigslist.org
Latin America and Caribbean,Brazil,rio de janeiro,http://rio.craigslist.org
Latin America and Caribbean,Brazil,"salvador, bahia",http://salvador.craigslist.org
Latin America and Caribbean,Brazil,sao paulo,http://saopaulo.craigslist.org
Latin America and Caribbean,Caribbean Islands,caribbean islands,http://caribbean.craigslist.org
Latin America and Caribbean,Chile,chile,http://santiago.craigslist.org
Latin America and Caribbean,Colombia,colombia,http://colombia.craigslist.org
Latin America and Caribbean,Costa Rica,costa rica,http://costarica.craigslist.org
Latin America and Caribbean,Dominican Republic,dominican republic,http://santodomingo.craigslist.org
Latin America and Caribbean,Ecuador,ecuador,http://quito.craigslist.org
Latin America and Caribbean,El Salvador,el salvador,http://elsalvador.craigslist.org
Latin America and Caribbean,Guatemala,guatemala,http://guatemala.craigslist.org
Latin America and Caribbean,Mexico,acapulco,http://acapulco.craigslist.com.mx
Latin America and Caribbean,Mexico,baja california sur,http://bajasur.craigslist.com.mx
Latin America and Caribbean,Mexico,chihuahua,http://chihuahua.craigslist.com.mx
Latin America and Caribbean,Mexico,ciudad juarez,http://juarez.craigslist.com.mx
Latin America and Caribbean,Mexico,guadalajara,http://guadalajara.craigslist.com.mx
Latin America and Caribbean,Mexico,guanajuato,http://guanajuato.craigslist.com.mx
Latin America and Caribbean,Mexico,hermosillo,http://hermosillo.craigslist.com.mx
Latin America and Caribbean,Mexico,mazatlan,http://mazatlan.craigslist.com.mx
Latin America and Caribbean,Mexico,mexico city,http://mexicocity.craigslist.com.mx
Latin America and Caribbean,Mexico,monterrey,http://monterrey.craigslist.com.mx
Latin America and Caribbean,Mexico,oaxaca,http://oaxaca.craigslist.com.mx
Latin America and Caribbean,Mexico,puebla,http://puebla.craigslist.com.mx
Latin America and Caribbean,Mexico,puerto vallarta,http://pv.craigslist.com.mx
Latin America and Caribbean,Mexico,tijuana,http://tijuana.craigslist.com.mx
Latin America and Caribbean,Mexico,veracruz,http://veracruz.craigslist.com.mx
Latin America and Caribbean,Mexico,yucatan,http://yucatan.craigslist.com.mx
Latin America and Caribbean,Nicaragua,nicaragua,http://managua.craigslist.org
Latin America and Caribbean,Panama,panama,http://panama.craigslist.org
Latin America and Caribbean,Peru,peru,http://lima.craigslist.org
Latin America and Caribbean,Puerto Rico,puerto rico,http://puertorico.craigslist.org
Latin America and Caribbean,Uruguay,montevideo,http://montevideo.craigslist.org
Latin America and Caribbean,Venezuela,venezuela,http://caracas.craigslist.org
Latin America and Caribbean,"Virgin Islands, U.S.",virgin islands,http://virgin.craigslist.org
Africa,Egypt,egypt,http://cairo.craigslist.org
Africa,Ethiopia,ethiopia,http://addisababa.craigslist.org
Africa,Ghana,ghana,http://accra.craigslist.org
Africa,Kenya,kenya,http://kenya.craigslist.org
Africa,Morocco,morocco,http://casablanca.craigslist.org
Africa,South Africa,cape town,http://capetown.craigslist.co.za
Africa,South Africa,durban,http://durban.craigslist.co.za
Africa,South Africa,johannesburg,http://johannesburg.craigslist.co.za
Africa,South Africa,pretoria,http://pretoria.craigslist.co.za
Africa,Tunisia,tunisia,http://tunis.craigslist.org
